id,ISO3166-2,pref,area1,area2,city,大雨警報,洪水警報,暴風警報,暴風雪警報,大雪警報,波浪警報,高潮警報,大雨注意報,洪水注意報,強風注意報,風雪注意報,大雪注意報,波浪注意報,高潮注意報,雷注意報,融雪注意報,濃霧注意報,乾燥注意報,なだれ注意報,低温注意報,霜注意報,着氷注意報,着雪注意報,lastUpdate,url
31401,JP-08,茨城県,北部,県央地域,水戸市,,,,,,,,,,,,,,,,,,1,,1,,,,2021-01-19T16:17,https://www.jma.go.jp/jp/warn/314_table.html
31402,JP-08,茨城県,北部,県央地域,笠間市,,,,,,,,,,,,,,,,,,1,,1,,,,2021-01-19T16:17,https://www.jma.go.jp/jp/warn/314_table.html
31403,JP-08,茨城県,北部,県央地域,小美玉市,,,,,,,,,,,,,,,,,,1,,1,,,,2021-01-19T16:17,https://www.jma.go.jp/jp/warn/314_table.html
31404,JP-08,茨城県,北部,県央地域,茨城町,,,,,,,,,,,,,,,,,,1,,1,,,,2021-01-19T16:17,https://www.jma.go.jp/jp/warn/314_table.html
31405,JP-08,茨城県,北部,県央地域,大洗町,,,,,,,,,,1,,,1,,,,,1,,1,,,,2021-01-19T16:17,https://www.jma.go.jp/jp/warn/314_table.html
31406,JP-08,茨城県,北部,県央地域,城里町,,,,,,,,,,,,,,,,,,1,,1,,,,2021-01-19T16:17,https://www.jma.go.jp/jp/warn/314_table.html
31407,JP-08,茨城県,北部,県北地域,日立市,,,,,,,,,,1,,,1,,,,,1,,1,,,,2021-01-19T16:17,https://www.jma.go.jp/jp/warn/314_table.html
31408,JP-08,茨城県,北部,県北地域,常陸太田市,,,,,,,,,,,,,,,,,,1,,1,,,,2021-01-19T16:17,https://www.jma.go.jp/jp/warn/314_table.html
31409,JP-08,茨城県,北部,県北地域,高萩市,,,,,,,,,,1,,,1,,,,,1,,1,,,,2021-01-19T16:17,https://www.jma.go.jp/jp/warn/314_table.html
31410,JP-08,茨城県,北部,県北地域,北茨城市,,,,,,,,,,1,,,1,,,,,1,,1,,,,2021-01-19T16:17,https://www.jma.go.jp/jp/warn/314_table.html
31411,JP-08,茨城県,北部,県北地域,ひたちなか市,,,,,,,,,,1,,,1,,,,,1,,1,,,,2021-01-19T16:17,https://www.jma.go.jp/jp/warn/314_table.html
31412,JP-08,茨城県,北部,県北地域,常陸大宮市,,,,,,,,,,,,,,,,,,1,,1,,,,2021-01-19T16:17,https://www.jma.go.jp/jp/warn/314_table.html
31413,JP-08,茨城県,北部,県北地域,那珂市,,,,,,,,,,,,,,,,,,1,,1,,,,2021-01-19T16:17,https://www.jma.go.jp/jp/warn/314_table.html
31414,JP-08,茨城県,北部,県北地域,東海村,,,,,,,,,,1,,,1,,,,,1,,1,,,,2021-01-19T16:17,https://www.jma.go.jp/jp/warn/314_table.html
31415,JP-08,茨城県,北部,県北地域,大子町,,,,,,,,,,,,,,,,,,1,,1,,,,2021-01-19T16:17,https://www.jma.go.jp/jp/warn/314_table.html
31416,JP-08,茨城県,南部,鹿行地域,鹿嶋市,,,,,,,,,,1,,,1,,,,,1,,1,,,,2021-01-19T16:17,https://www.jma.go.jp/jp/warn/314_table.html
31417,JP-08,茨城県,南部,鹿行地域,潮来市,,,,,,,,,,,,,,,,,,1,,1,,,,2021-01-19T16:17,https://www.jma.go.jp/jp/warn/314_table.html
31418,JP-08,茨城県,南部,鹿行地域,神栖市,,,,,,,,,,1,,,1,,,,,1,,1,,,,2021-01-19T16:17,https://www.jma.go.jp/jp/warn/314_table.html
31419,JP-08,茨城県,南部,鹿行地域,行方市,,,,,,,,,,,,,,,,,,1,,1,,,,2021-01-19T16:17,https://www.jma.go.jp/jp/warn/314_table.html
31420,JP-08,茨城県,南部,鹿行地域,鉾田市,,,,,,,,,,1,,,1,,,,,1,,1,,,,2021-01-19T16:17,https://www.jma.go.jp/jp/warn/314_table.html
31421,JP-08,茨城県,南部,県南地域,土浦市,,,,,,,,,,,,,,,,,,1,,1,,,,2021-01-19T16:17,https://www.jma.go.jp/jp/warn/314_table.html
31422,JP-08,茨城県,南部,県南地域,石岡市,,,,,,,,,,,,,,,,,,1,,1,,,,2021-01-19T16:17,https://www.jma.go.jp/jp/warn/314_table.html
31423,JP-08,茨城県,南部,県南地域,龍ケ崎市,,,,,,,,,,,,,,,,,,1,,1,,,,2021-01-19T16:17,https://www.jma.go.jp/jp/warn/314_table.html
31424,JP-08,茨城県,南部,県南地域,取手市,,,,,,,,,,,,,,,,,,1,,1,,,,2021-01-19T16:17,https://www.jma.go.jp/jp/warn/314_table.html
31425,JP-08,茨城県,南部,県南地域,牛久市,,,,,,,,,,,,,,,,,,1,,1,,,,2021-01-19T16:17,https://www.jma.go.jp/jp/warn/314_table.html
31426,JP-08,茨城県,南部,県南地域,つくば市,,,,,,,,,,,,,,,,,,1,,1,,,,2021-01-19T16:17,https://www.jma.go.jp/jp/warn/314_table.html
31427,JP-08,茨城県,南部,県南地域,守谷市,,,,,,,,,,,,,,,,,,1,,1,,,,2021-01-19T16:17,https://www.jma.go.jp/jp/warn/314_table.html
31428,JP-08,茨城県,南部,県南地域,稲敷市,,,,,,,,,,,,,,,,,,1,,1,,,,2021-01-19T16:17,https://www.jma.go.jp/jp/warn/314_table.html
31429,JP-08,茨城県,南部,県南地域,かすみがうら市,,,,,,,,,,,,,,,,,,1,,1,,,,2021-01-19T16:17,https://www.jma.go.jp/jp/warn/314_table.html
31430,JP-08,茨城県,南部,県南地域,つくばみらい市,,,,,,,,,,,,,,,,,,1,,1,,,,2021-01-19T16:17,https://www.jma.go.jp/jp/warn/314_table.html
31431,JP-08,茨城県,南部,県南地域,美浦村,,,,,,,,,,,,,,,,,,1,,1,,,,2021-01-19T16:17,https://www.jma.go.jp/jp/warn/314_table.html
31432,JP-08,茨城県,南部,県南地域,阿見町,,,,,,,,,,,,,,,,,,1,,1,,,,2021-01-19T16:17,https://www.jma.go.jp/jp/warn/314_table.html
31433,JP-08,茨城県,南部,県南地域,河内町,,,,,,,,,,,,,,,,,,1,,1,,,,2021-01-19T16:17,https://www.jma.go.jp/jp/warn/314_table.html
31434,JP-08,茨城県,南部,県南地域,利根町,,,,,,,,,,,,,,,,,,1,,1,,,,2021-01-19T16:17,https://www.jma.go.jp/jp/warn/314_table.html
31435,JP-08,茨城県,南部,県西地域,古河市,,,,,,,,,,,,,,,,,,1,,1,,,,2021-01-19T16:17,https://www.jma.go.jp/jp/warn/314_table.html
31436,JP-08,茨城県,南部,県西地域,結城市,,,,,,,,,,,,,,,,,,1,,1,,,,2021-01-19T16:17,https://www.jma.go.jp/jp/warn/314_table.html
31437,JP-08,茨城県,南部,県西地域,下妻市,,,,,,,,,,,,,,,,,,1,,1,,,,2021-01-19T16:17,https://www.jma.go.jp/jp/warn/314_table.html
31438,JP-08,茨城県,南部,県西地域,常総市,,,,,,,,,,,,,,,,,,1,,1,,,,2021-01-19T16:17,https://www.jma.go.jp/jp/warn/314_table.html
31439,JP-08,茨城県,南部,県西地域,筑西市,,,,,,,,,,,,,,,,,,1,,1,,,,2021-01-19T16:17,https://www.jma.go.jp/jp/warn/314_table.html
31440,JP-08,茨城県,南部,県西地域,坂東市,,,,,,,,,,,,,,,,,,1,,1,,,,2021-01-19T16:17,https://www.jma.go.jp/jp/warn/314_table.html
31441,JP-08,茨城県,南部,県西地域,桜川市,,,,,,,,,,,,,,,,,,1,,1,,,,2021-01-19T16:17,https://www.jma.go.jp/jp/warn/314_table.html
31442,JP-08,茨城県,南部,県西地域,八千代町,,,,,,,,,,,,,,,,,,1,,1,,,,2021-01-19T16:17,https://www.jma.go.jp/jp/warn/314_table.html
31443,JP-08,茨城県,南部,県西地域,五霞町,,,,,,,,,,,,,,,,,,1,,1,,,,2021-01-19T16:17,https://www.jma.go.jp/jp/warn/314_table.html
31444,JP-08,茨城県,南部,県西地域,境町,,,,,,,,,,,,,,,,,,1,,1,,,,2021-01-19T16:17,https://www.jma.go.jp/jp/warn/314_table.html