id,ISO3166-2,pref,area1,area2,city,大雨警報,洪水警報,暴風警報,暴風雪警報,大雪警報,波浪警報,高潮警報,大雨注意報,洪水注意報,強風注意報,風雪注意報,大雪注意報,波浪注意報,高潮注意報,雷注意報,融雪注意報,濃霧注意報,乾燥注意報,なだれ注意報,低温注意報,霜注意報,着氷注意報,着雪注意報,lastUpdate,url
31601,JP-09,栃木県,南部,県央部,宇都宮市,,,,,,,,,,,,,,,,,,,,,,,,2021-01-25T10:16,https://www.jma.go.jp/jp/warn/316_table.html
31602,JP-09,栃木県,南部,県央部,さくら市,,,,,,,,,,,,,,,,,,,,,,,,2021-01-25T10:16,https://www.jma.go.jp/jp/warn/316_table.html
31603,JP-09,栃木県,南部,県央部,上三川町,,,,,,,,,,,,,,,,,,,,,,,,2021-01-25T10:16,https://www.jma.go.jp/jp/warn/316_table.html
31604,JP-09,栃木県,南部,県央部,高根沢町,,,,,,,,,,,,,,,,,,,,,,,,2021-01-25T10:16,https://www.jma.go.jp/jp/warn/316_table.html
31605,JP-09,栃木県,南部,南東部,真岡市,,,,,,,,,,,,,,,,,,,,,,,,2021-01-25T10:16,https://www.jma.go.jp/jp/warn/316_table.html
31606,JP-09,栃木県,南部,南東部,那須烏山市,,,,,,,,,,,,,,,,,,,,,,,,2021-01-25T10:16,https://www.jma.go.jp/jp/warn/316_table.html
31607,JP-09,栃木県,南部,南東部,益子町,,,,,,,,,,,,,,,,,,,,,,,,2021-01-25T10:16,https://www.jma.go.jp/jp/warn/316_table.html
31608,JP-09,栃木県,南部,南東部,茂木町,,,,,,,,,,,,,,,,,,,,,,,,2021-01-25T10:16,https://www.jma.go.jp/jp/warn/316_table.html
31609,JP-09,栃木県,南部,南東部,市貝町,,,,,,,,,,,,,,,,,,,,,,,,2021-01-25T10:16,https://www.jma.go.jp/jp/warn/316_table.html
31610,JP-09,栃木県,南部,南東部,芳賀町,,,,,,,,,,,,,,,,,,,,,,,,2021-01-25T10:16,https://www.jma.go.jp/jp/warn/316_table.html
31611,JP-09,栃木県,南部,南東部,那珂川町,,,,,,,,,,,,,,,,,,,,,,,,2021-01-25T10:16,https://www.jma.go.jp/jp/warn/316_table.html
31612,JP-09,栃木県,南部,南西部,足利市,,,,,,,,,,,,,,,,,,,,,,,,2021-01-25T10:16,https://www.jma.go.jp/jp/warn/316_table.html
31613,JP-09,栃木県,南部,南西部,栃木市,,,,,,,,,,,,,,,,,,,,,,,,2021-01-25T10:16,https://www.jma.go.jp/jp/warn/316_table.html
31614,JP-09,栃木県,南部,南西部,佐野市,,,,,,,,,,,,,,,,,,,,,,,,2021-01-25T10:16,https://www.jma.go.jp/jp/warn/316_table.html
31615,JP-09,栃木県,南部,南西部,鹿沼市,,,,,,,,,,,,,,,,,,,,,,,,2021-01-25T10:16,https://www.jma.go.jp/jp/warn/316_table.html
31616,JP-09,栃木県,南部,南西部,小山市,,,,,,,,,,,,,,,,,,,,,,,,2021-01-25T10:16,https://www.jma.go.jp/jp/warn/316_table.html
31617,JP-09,栃木県,南部,南西部,下野市,,,,,,,,,,,,,,,,,,,,,,,,2021-01-25T10:16,https://www.jma.go.jp/jp/warn/316_table.html
31618,JP-09,栃木県,南部,南西部,壬生町,,,,,,,,,,,,,,,,,,,,,,,,2021-01-25T10:16,https://www.jma.go.jp/jp/warn/316_table.html
31619,JP-09,栃木県,南部,南西部,野木町,,,,,,,,,,,,,,,,,,,,,,,,2021-01-25T10:16,https://www.jma.go.jp/jp/warn/316_table.html
31620,JP-09,栃木県,北部,那須地域,大田原市,,,,,,,,,,,,,,,,,,,,,,,,2021-01-25T10:16,https://www.jma.go.jp/jp/warn/316_table.html
31621,JP-09,栃木県,北部,那須地域,矢板市,,,,,,,,,,,,,,,,,,,,,,,,2021-01-25T10:16,https://www.jma.go.jp/jp/warn/316_table.html
31622,JP-09,栃木県,北部,那須地域,那須塩原市,,,,,,,,,,,,,,,,,,,1,,,,,2021-01-25T10:16,https://www.jma.go.jp/jp/warn/316_table.html
31623,JP-09,栃木県,北部,那須地域,塩谷町,,,,,,,,,,,,,,,,,,,,,,,,2021-01-25T10:16,https://www.jma.go.jp/jp/warn/316_table.html
31624,JP-09,栃木県,北部,那須地域,那須町,,,,,,,,,,,,,,,,,,,1,,,,,2021-01-25T10:16,https://www.jma.go.jp/jp/warn/316_table.html
31625,JP-09,栃木県,北部,日光市,日光市今市,,,,,,,,,,,,,,,,,,,,,,,,2021-01-25T10:16,https://www.jma.go.jp/jp/warn/316_table.html
31626,JP-09,栃木県,北部,日光市,日光市日光,,,,,,,,,,,,,,,,,,,1,,,,,2021-01-25T10:16,https://www.jma.go.jp/jp/warn/316_table.html
31627,JP-09,栃木県,北部,日光市,日光市藤原,,,,,,,,,,,,,,,,,,,1,,,,,2021-01-25T10:16,https://www.jma.go.jp/jp/warn/316_table.html
31628,JP-09,栃木県,北部,日光市,日光市足尾,,,,,,,,,,,,,,,,,,,1,,,,,2021-01-25T10:16,https://www.jma.go.jp/jp/warn/316_table.html
31629,JP-09,栃木県,北部,日光市,日光市栗山,,,,,,,,,,,,,,,,,,,1,,,,,2021-01-25T10:16,https://www.jma.go.jp/jp/warn/316_table.html