id,ISO3166-2,pref,area1,area2,city,大雨警報,洪水警報,暴風警報,暴風雪警報,大雪警報,波浪警報,高潮警報,大雨注意報,洪水注意報,強風注意報,風雪注意報,大雪注意報,波浪注意報,高潮注意報,雷注意報,融雪注意報,濃霧注意報,乾燥注意報,なだれ注意報,低温注意報,霜注意報,着氷注意報,着雪注意報,lastUpdate,url
35101,JP-45,宮崎県,南部平野部,宮崎地区,宮崎市,,,,,,,,,,,,,,,,,,,,,,,,2021-01-20T21:05,https://www.jma.go.jp/jp/warn/351_table.html
35102,JP-45,宮崎県,南部平野部,宮崎地区,国富町,,,,,,,,,,,,,,,,,,,,,,,,2021-01-20T21:05,https://www.jma.go.jp/jp/warn/351_table.html
35103,JP-45,宮崎県,南部平野部,宮崎地区,綾町,,,,,,,,,,,,,,,,,,,,,,,,2021-01-20T21:05,https://www.jma.go.jp/jp/warn/351_table.html
35104,JP-45,宮崎県,南部平野部,日南・串間地区,日南市,,,,,,,,,,,,,,,,,,,,,,,,2021-01-20T21:05,https://www.jma.go.jp/jp/warn/351_table.html
35105,JP-45,宮崎県,南部平野部,日南・串間地区,串間市,,,,,,,,,,,,,,,,,,,,,,,,2021-01-20T21:05,https://www.jma.go.jp/jp/warn/351_table.html
35106,JP-45,宮崎県,北部平野部,延岡・日向地区,延岡市,,,,,,,,,,,,,,,,,,,,,,,,2021-01-20T21:05,https://www.jma.go.jp/jp/warn/351_table.html
35107,JP-45,宮崎県,北部平野部,延岡・日向地区,日向市,,,,,,,,,,,,,,,,,,,,,,,,2021-01-20T21:05,https://www.jma.go.jp/jp/warn/351_table.html
35108,JP-45,宮崎県,北部平野部,延岡・日向地区,門川町,,,,,,,,,,,,,,,,,,,,,,,,2021-01-20T21:05,https://www.jma.go.jp/jp/warn/351_table.html
35109,JP-45,宮崎県,北部平野部,西都・高鍋地区,西都市,,,,,,,,,,,,,,,,,,,,,,,,2021-01-20T21:05,https://www.jma.go.jp/jp/warn/351_table.html
35110,JP-45,宮崎県,北部平野部,西都・高鍋地区,高鍋町,,,,,,,,,,,,,,,,,,,,,,,,2021-01-20T21:05,https://www.jma.go.jp/jp/warn/351_table.html
35111,JP-45,宮崎県,北部平野部,西都・高鍋地区,新富町,,,,,,,,,,,,,,,,,,,,,,,,2021-01-20T21:05,https://www.jma.go.jp/jp/warn/351_table.html
35112,JP-45,宮崎県,北部平野部,西都・高鍋地区,木城町,,,,,,,,,,,,,,,,,,,,,,,,2021-01-20T21:05,https://www.jma.go.jp/jp/warn/351_table.html
35113,JP-45,宮崎県,北部平野部,西都・高鍋地区,川南町,,,,,,,,,,,,,,,,,,,,,,,,2021-01-20T21:05,https://www.jma.go.jp/jp/warn/351_table.html
35114,JP-45,宮崎県,北部平野部,西都・高鍋地区,都農町,,,,,,,,,,,,,,,,,,,,,,,,2021-01-20T21:05,https://www.jma.go.jp/jp/warn/351_table.html
35115,JP-45,宮崎県,南部山沿い,小林・えびの地区,小林市,,,,,,,,,,,,,,,,,,,,,,,,2021-01-20T21:05,https://www.jma.go.jp/jp/warn/351_table.html
35116,JP-45,宮崎県,南部山沿い,小林・えびの地区,えびの市,,,,,,,,,,,,,,,,,,,,,,,,2021-01-20T21:05,https://www.jma.go.jp/jp/warn/351_table.html
35117,JP-45,宮崎県,南部山沿い,小林・えびの地区,高原町,,,,,,,,,,,,,,,,,,,,,,,,2021-01-20T21:05,https://www.jma.go.jp/jp/warn/351_table.html
35118,JP-45,宮崎県,南部山沿い,都城地区,都城市,,,,,,,,,,,,,,,,,,,,,,,,2021-01-20T21:05,https://www.jma.go.jp/jp/warn/351_table.html
35119,JP-45,宮崎県,南部山沿い,都城地区,三股町,,,,,,,,,,,,,,,,,,,,,,,,2021-01-20T21:05,https://www.jma.go.jp/jp/warn/351_table.html
35120,JP-45,宮崎県,北部山沿い,高千穂地区,高千穂町,,,,,,,,,,,,,,,,,,,,,,,,2021-01-20T21:05,https://www.jma.go.jp/jp/warn/351_table.html
35121,JP-45,宮崎県,北部山沿い,高千穂地区,日之影町,,,,,,,,,,,,,,,,,,,,,,,,2021-01-20T21:05,https://www.jma.go.jp/jp/warn/351_table.html
35122,JP-45,宮崎県,北部山沿い,高千穂地区,五ヶ瀬町,,,,,,,,,,,,,,,,,,,,,,,,2021-01-20T21:05,https://www.jma.go.jp/jp/warn/351_table.html
35123,JP-45,宮崎県,北部山沿い,椎葉・美郷地区,西米良村,,,,,,,,,,,,,,,,,,,,,,,,2021-01-20T21:05,https://www.jma.go.jp/jp/warn/351_table.html
35124,JP-45,宮崎県,北部山沿い,椎葉・美郷地区,諸塚村,,,,,,,,,,,,,,,,,,,,,,,,2021-01-20T21:05,https://www.jma.go.jp/jp/warn/351_table.html
35125,JP-45,宮崎県,北部山沿い,椎葉・美郷地区,椎葉村,,,,,,,,,,,,,,,,,,,,,,,,2021-01-20T21:05,https://www.jma.go.jp/jp/warn/351_table.html
35126,JP-45,宮崎県,北部山沿い,椎葉・美郷地区,美郷町,,,,,,,,,,,,,,,,,,,,,,,,2021-01-20T21:05,https://www.jma.go.jp/jp/warn/351_table.html